row_type,model,mse,rmse,mae,r2,agop_summary_type,rank,feature,value,abs_value,top_eigenvalue,selected_agop_index
model_metric,xrfm,0.37027686834335327,0.6085038185119629,0.44323018193244934,0.5126915562981399,,,,,,,
model_metric,xgboost,0.42619145626522803,0.6528334062111314,0.44056509256362913,0.43910429614405744,,,,,,,
model_metric,random_forest,0.3665607133373397,0.605442576416079,0.44441243589743584,0.5175822361269184,,,,,,,
