row_type,model,mse,rmse,mae,r2,agop_summary_type,rank,feature,value,abs_value,top_eigenvalue,selected_agop_index
model_metric,xrfm,0.38250038027763367,0.6184661512788179,0.44791579246520996,0.4966046214103699,,,,,,,
model_metric,xgboost,0.42619144916534424,0.6528334007733858,0.4405650794506073,0.4391043186187744,,,,,,,
