{
  "params": {
    "n_estimators": 200,
    "max_depth": 30,
    "min_samples_split": 2,
    "max_features": "sqrt"
  },
  "val_metrics": {
    "mse": 0.38999839257261193,
    "rmse": 0.6244985128666136,
    "mae": 0.4495244579163459,
    "r2": 0.48922805812946346
  }
}