{
  "params": {
    "n_estimators": 500,
    "max_depth": null,
    "min_samples_split": 2,
    "max_features": "sqrt"
  },
  "val_metrics": {
    "mse": 0.38922881293302536,
    "rmse": 0.6238820504975483,
    "mae": 0.4503602771362587,
    "r2": 0.4902359589168045
  }
}