{
  "params": {
    "subsample": 1.0,
    "colsample_bytree": 1.0,
    "learning_rate": 0.1,
    "n_estimators": 300,
    "max_depth": 6,
    "reg_alpha": 0.1,
    "reg_lambda": 5.0
  },
  "val_metrics": {
    "mse": 0.41464799642562866,
    "rmse": 0.6439316706185748,
    "mae": 0.4694877862930298,
    "r2": 0.45694500207901
  }
}