feature,top_eigenvector_loading,abs_loading
free sulfur dioxide,0.5467266,0.5467266
alcohol,0.49736044,0.49736044
chlorides,-0.33609906,0.33609906
volatile acidity,-0.31481314,0.31481314
residual sugar,0.29643232,0.29643232
pH,0.29360428,0.29360428
total sulfur dioxide,-0.19616318,0.19616318
density,-0.12986238,0.12986238
citric acid,-0.104444474,0.104444474
type_white,0.031943437,0.031943437
sulphates,0.015619371,0.015619371
fixed acidity,-0.0077389968,0.0077389968
