{
  "params": {
    "verbose": false,
    "max_leaf_size": 2048
  },
  "val_metrics": {
    "mse": 0.40631070733070374,
    "rmse": 0.637425060168412,
    "mae": 0.4587155282497406,
    "r2": 0.46786415576934814
  }
}