feature,top_eigenvector_loading,abs_loading
free sulfur dioxide,-0.51625663,0.51625663
density,0.46729246,0.46729246
residual sugar,-0.39611602,0.39611602
type_white,0.36275756,0.36275756
volatile acidity,0.29267356,0.29267356
sulphates,-0.23750699,0.23750699
fixed acidity,-0.18611452,0.18611452
chlorides,0.15896246,0.15896246
citric acid,-0.10108179,0.10108179
alcohol,-0.10059034,0.10059034
pH,-0.052289393,0.052289393
total sulfur dioxide,0.039632052,0.039632052
