feature,agop_diagonal,abs_agop_diagonal
free sulfur dioxide,1.0,1.0
density,0.7656358,0.7656358
residual sugar,0.57097423,0.57097423
type_white,0.41955966,0.41955966
volatile acidity,0.3497361,0.3497361
fixed acidity,0.30662054,0.30662054
sulphates,0.26688218,0.26688218
total sulfur dioxide,0.26277882,0.26277882
alcohol,0.1781898,0.1781898
citric acid,0.17126046,0.17126046
chlorides,0.121499725,0.121499725
pH,0.090134464,0.090134464
