feature,agop_diagonal,abs_agop_diagonal
free sulfur dioxide,1.0,1.0
alcohol,0.8415539,0.8415539
citric acid,0.64266175,0.64266175
volatile acidity,0.6104972,0.6104972
chlorides,0.5037131,0.5037131
residual sugar,0.4713303,0.4713303
pH,0.4413107,0.4413107
fixed acidity,0.397858,0.397858
total sulfur dioxide,0.37406227,0.37406227
sulphates,0.31464198,0.31464198
density,0.108520396,0.108520396
type_white,0.010118537,0.010118537
