model,accuracy,roc_auc,training_time_seconds,inference_time_seconds,inference_time_per_sample_seconds
xrfm,0.9404580152671755,0.6578398453398453,5.736823600018397,0.016614600084722042,8.455267218688062e-06
xgboost,0.9348600508905852,0.6986393236393236,0.2261567999375984,0.00521229999139905,2.6525699701776333e-06
random_forest,0.9409669211195929,0.7266136641136641,0.5329342000186443,0.05483330006245524,2.7904987309137524e-05
