model,accuracy,roc_auc
xrfm,0.9399491094147583,0.6382945757945758
xgboost,0.9394402035623409,0.7086963961963962
random_forest,0.9404580152671755,0.7248792873792873
