{
  "params": {
    "verbose": false,
    "max_leaf_size": 512
  },
  "val_metrics": {
    "accuracy": 0.9404276985743381,
    "roc_auc": 0.7222615560460716
  }
}