model,mse,rmse,mae,r2
xrfm,1990.665283203125,44.61687088012695,26.296537399291992,0.936653838787207
xgboost,2102.2976669992086,45.85081969822577,29.226679459259223,0.933101521668507
