model,rmse,r2
xrfm,43.48435592651367,0.9402853418171436
xgboost,45.486155307998544,0.9346608732563245
