{
  "params": {
    "n_estimators": 50,
    "max_depth": 30
  },
  "val_metrics": {
    "mse": 1786.490022983018,
    "rmse": 42.26689038695676,
    "mae": 25.485030220834016,
    "r2": 0.9450315376323584
  }
}