{
  "params": {
    "n_estimators": 50,
    "max_depth": 30,
    "min_samples_split": 2,
    "max_features": null
  },
  "val_metrics": {
    "mse": 1789.7555514064934,
    "rmse": 42.305502613803014,
    "mae": 25.51153770069593,
    "r2": 0.9449310606781369
  }
}