{
  "params": {
    "subsample": 1.0,
    "colsample_bytree": 1.0,
    "learning_rate": 0.1,
    "n_estimators": 300,
    "max_depth": 6,
    "reg_alpha": 0.1,
    "reg_lambda": 1.0
  },
  "val_metrics": {
    "mse": 1515.0771484375,
    "rmse": 38.92399193861673,
    "mae": 23.88017463684082,
    "r2": 0.9533826112747192
  }
}