feature,agop_diagonal,abs_agop_diagonal
hr,1.0,1.0
workingday,0.006816222,0.006816222
yr,0.0059578638,0.0059578638
temp,0.004254113,0.004254113
atemp,0.0033033763,0.0033033763
weekday,0.0024155416,0.0024155416
hum,0.0023474281,0.0023474281
mnth,0.0017093966,0.0017093966
season,0.001545818,0.001545818
windspeed,0.00060536317,0.00060536317
weathersit,0.0006011423,0.0006011423
holiday,2.8084507e-05,2.8084507e-05
