{
  "params": {
    "verbose": false,
    "max_leaf_size": 2048
  },
  "val_metrics": {
    "mse": 1880.14208984375,
    "rmse": 43.360605275338926,
    "mae": 26.27147674560547,
    "r2": 0.9421499371528625
  }
}