feature,top_eigenvector_loading,abs_loading
hr,0.99906874,0.99906874
temp,-0.030130174,0.030130174
atemp,0.027396804,0.027396804
workingday,-0.010538355,0.010538355
yr,0.005706487,0.005706487
mnth,0.0056271623,0.0056271623
hum,-0.004518554,0.004518554
windspeed,0.0020161616,0.0020161616
holiday,-0.001340761,0.001340761
season,0.00094357773,0.00094357773
weathersit,-0.000699632,0.000699632
weekday,0.00051890523,0.00051890523
