model,accuracy,roc_auc
xrfm,0.9506493506493506,0.9717548076923077
xgboost,0.9558441558441558,0.9731250000000001
