model,accuracy,roc_auc
xrfm,0.9506493506493506,0.9659615384615384
xgboost,0.9558441558441558,0.9731250000000001
random_forest,0.9584415584415584,0.9819711538461539
