model,accuracy,roc_auc,training_time_seconds,inference_time_per_sample_seconds
xrfm,0.9506493506493506,0.9717548076923077,2.5822936000768095,0.0001809438962682888
xgboost,0.9584415584415584,0.9771875,0.8654747999971732,0.00014818051962980203
random_forest,0.9584415584415584,0.9819711538461539,1.0624108000192791,0.00013598077930510044
