model,accuracy,roc_auc
xrfm,0.9587628865979382,0.9718933027756557
xgboost,0.9587628865979382,0.969840208810797
