model,accuracy,roc_auc
xrfm,0.9587628865979382,0.9764769544181309
xgboost,0.9567010309278351,0.9739782276546982
random_forest,0.9587628865979382,0.9789438502673797
