model,accuracy,roc_auc
xrfm,0.9628865979381444,0.9811560988031576
xgboost,0.9567010309278351,0.9717978100331041
