{
  "params": {
    "n_estimators": 200,
    "max_depth": null,
    "min_samples_split": 5
  },
  "val_metrics": {
    "accuracy": 0.9766233766233766,
    "roc_auc": 0.9946803457775245
  }
}