{
  "params": {
    "max_leaf_size": 512,
    "verbose": false,
    "agop_power": 0.25,
    "iters": 3
  },
  "val_metrics": {
    "accuracy": 0.9587628865979382,
    "roc_auc": 0.9580734580734581
  }
}