{
  "params": {
    "verbose": false,
    "max_leaf_size": 2048
  },
  "val_metrics": {
    "accuracy": 0.9688311688311688,
    "roc_auc": 0.9801937874038188
  }
}