{
  "params": {
    "verbose": false,
    "max_leaf_size": 1024
  },
  "val_metrics": {
    "accuracy": 0.9628865979381444,
    "roc_auc": 0.9736187236187237
  }
}