{
  "params": {
    "verbose": false,
    "max_leaf_size": 2048
  },
  "val_metrics": {
    "accuracy": 0.8510670965760786,
    "roc_auc": 0.902643878582778
  }
}