component,explained_variance_ratio,cumulative_explained_variance_ratio
PC1,0.3227469456466572,0.3227469456466572
PC2,0.09487799735211176,0.41762494299876896
PC3,0.06934141977170187,0.48696636277047084
PC4,0.06067166656221315,0.547638029332684
PC5,0.055695608329148355,0.6033336376618323
