,agop_rank,pca_pc1_rank,mi_rank,permutation_rank
agop_rank,1.0,0.40318546023060386,0.31646060726383224,0.28603255883044376
pca_pc1_rank,0.40318546023060386,1.0,0.1991087827775957,-0.13967441226846009
mi_rank,0.31646060726383224,0.1991087827775957,1.0,0.2774546918038684
permutation_rank,0.28603255883044376,-0.13967441226846009,0.2774546918038684,1.0
