,mean_abs_agop_diagonal,abs_loading,mutual_information,permutation_importance_mean
mean_abs_agop_diagonal,1.0,0.40318546023060386,0.31646060726383224,0.28603255883044376
abs_loading,0.40318546023060386,1.0,0.1991087827775957,-0.13967441226846009
mutual_information,0.31646060726383224,0.1991087827775957,1.0,0.2774546918038684
permutation_importance_mean,0.28603255883044376,-0.13967441226846009,0.2774546918038684,1.0
